{
  "loss": 1.1608260869979858,
  "accuracy": 0.6986677050590515,
  "val_loss": 1.262249231338501,
  "val_accuracy": 0.6737502217292786,
  "lr": 4.999999873689376e-05,
  "epoch": 58,
  "global_step": 21181
}