{
  "accuracy": 0.9822048544883728,
  "loss": 0.05855037271976471,
  "val_accuracy": 0.9071180820465088,
  "val_loss": 0.372214138507843,
  "learning_rate": 0.0002500000118743628,
  "epoch": 54,
  "global_step": 7920
}