{
  "loss": 7.179760932922363,
  "accuracy": 0.255790650844574,
  "val_loss": 6.528435707092285,
  "val_accuracy": 0.29576727747917175,
  "lr": 9.999999747378752e-05,
  "epoch": 2,
  "global_step": 1077
}